[
  {
    "Id": "0",
    "Name": "1.1",
    "DevelopmentStatus": "Stable",
    "Description": "initial release",
    "ReleasedDatge": "0001-01-01T00:00:00",
    "ModifiedDate": "2014-12-05T09:39:27.3-08:00",
    "Files": []
  },
  {
    "Id": "1",
    "Name": "1.2",
    "DevelopmentStatus": "Stable",
    "Description": "Fixed encoding issues",
    "ReleasedDatge": "0001-01-01T00:00:00",
    "ModifiedDate": "2015-03-17T02:27:16.703-07:00",
    "Files": [
      {
        "Id": "42eec8f9-8cd5-481d-8ba8-8d148d5fadd9",
        "FileName": "BusyBulkCopy (2).zip",
        "Url": "./1/42eec8f9-8cd5-481d-8ba8-8d148d5fadd9",
        "Type": "Application",
        "UploadDate": "2015-03-17T02:27:16.593-07:00"
      }
    ]
  }
]