[
  {
    "Title": "Home",
    "Id": "1009561",
    "ParentWikiTitle": "Home",
    "FileExtension": "codeplexwiki",
    "UpdatedDate": "2014-12-05T07:12:17.19-08:00",
    "FileAttachments": [
      {
        "Id": "f1628eb5-77c3-4a5e-84f5-9f6d362dd8c7",
        "FileName": "rfc4180.png",
        "DownloadUri": "./1009561/f1628eb5-77c3-4a5e-84f5-9f6d362dd8c7"
      }
    ]
  },
  {
    "Title": "Documentation",
    "Id": "1009540",
    "ParentWikiTitle": "Documentation",
    "FileExtension": "codeplexwiki",
    "UpdatedDate": "2014-12-05T07:08:28.167-08:00",
    "FileAttachments": []
  }
]
